-- phpMyAdmin SQL Dump
-- version 5.2.0
-- https://www.phpmyadmin.net/
--
-- Host: 127.0.0.1
-- Generation Time: Feb 05, 2023 at 08:15 AM
-- Server version: 10.4.24-MariaDB
-- PHP Version: 8.1.6

SET SQL_MODE = "NO_AUTO_VALUE_ON_ZERO";
START TRANSACTION;
SET time_zone = "+00:00";


/*!40101 SET @OLD_CHARACTER_SET_CLIENT=@@CHARACTER_SET_CLIENT */;
/*!40101 SET @OLD_CHARACTER_SET_RESULTS=@@CHARACTER_SET_RESULTS */;
/*!40101 SET @OLD_COLLATION_CONNECTION=@@COLLATION_CONNECTION */;
/*!40101 SET NAMES utf8mb4 */;

--
-- Database: `movie_theatre`
--

DELIMITER $$
--
-- Procedures
--
CREATE DEFINER=`root`@`localhost` PROCEDURE `MOVIES` ()   BEGIN
DECLARE titles VARCHAR(200);
    DECLARE directors VARCHAR(200);
    DECLARE done int default 0;
    DECLARE c1 CURSOR FOR SELECT title, director from movie;
    DECLARE CONTINUE HANDLER FOR NOT FOUND SET done = 1;
    OPEN c1;
    get_info: LOOP
    FETCH c1 INTO titles, directors;
        IF done = 1 THEN
        LEAVE get_info;
        END IF;
        SELECT concat(titles," is directed by ",directors);
    END LOOP get_info;
    CLOSE c1;
END$$

CREATE DEFINER=`root`@`localhost` PROCEDURE `RESERVATION_INFO` ()   BEGIN
SELECT R.user_name, R.res_contact, R.screen_id, R.sid FROM reservation R;
    SELECT A.aid, A.name, RESERVED_SEATS(A.aid) AS RESERVED_SEATS FROM auditorium A WHERE RESERVED_SEATS(A.aid) != 0;
END$$

--
-- Functions
--
CREATE DEFINER=`root`@`localhost` FUNCTION `RESERVED_SEATS` (`AUDI_ID` INT) RETURNS INT(11) DETERMINISTIC BEGIN
	DECLARE OUTPUT INT;
    SET OUTPUT = (SELECT COUNT(*)
               FROM seat_reserved S
               WHERE S.screen_id = AUDI_ID);
    RETURN OUTPUT;
END$$

DELIMITER ;

-- --------------------------------------------------------

--
-- Table structure for table `auditorium`
--

CREATE TABLE `auditorium` (
  `aid` int(11) NOT NULL,
  `name` varchar(100) DEFAULT NULL,
  `seats_no` int(11) DEFAULT NULL
) ENGINE=InnoDB DEFAULT CHARSET=utf8mb4;

--
-- Dumping data for table `auditorium`
--

INSERT INTO `auditorium` (`aid`, `name`, `seats_no`) VALUES
(1, 'Antares', 250),
(2, 'Arcturus', 250),
(3, 'Rigel', 200),
(4, 'Sirius', 150),
(5, 'Polaris', 200);

-- --------------------------------------------------------

--
-- Table structure for table `movie`
--

CREATE TABLE `movie` (
  `mid` int(11) NOT NULL,
  `title` varchar(256) DEFAULT NULL,
  `director` varchar(256) DEFAULT NULL,
  `cast` varchar(256) DEFAULT NULL,
  `description` text DEFAULT NULL,
  `duration_min` int(11) DEFAULT NULL
) ENGINE=InnoDB DEFAULT CHARSET=utf8mb4;

--
-- Dumping data for table `movie`
--

INSERT INTO `movie` (`mid`, `title`, `director`, `cast`, `description`, `duration_min`) VALUES
(1, 'Kantara', 'Rishabh Shetty', '-', '-', 180),
(2, 'Ram Setu', 'Abhishek Sharma', '-', '-', 143),
(5, 'Black Panther - Wakanda Forever', 'Ryan Coogler', '-', '-', 161),
(6, 'Enola Holmes 2', 'Harry Bradbeer', '-', '-', 129),
(7, 'Drishyam 2', 'Abhishek Pathak', '-', '-', 153),
(8, 'Avatar - Way of the Water', 'James Cameron', '', '', 190),
(9, 'Black Adam', 'Jaume Collett Serra', '', '', 120);

-- --------------------------------------------------------

--
-- Table structure for table `reservation`
--

CREATE TABLE `reservation` (
  `id` int(11) NOT NULL,
  `screen_id` int(11) DEFAULT NULL,
  `user_name` varchar(200) DEFAULT NULL,
  `res_contact` varchar(100) DEFAULT NULL,
  `reserved` int(11) DEFAULT NULL,
  `paid` int(11) DEFAULT NULL,
  `sid` int(11) DEFAULT NULL
) ENGINE=InnoDB DEFAULT CHARSET=utf8mb4;

--
-- Dumping data for table `reservation`
--

INSERT INTO `reservation` (`id`, `screen_id`, `user_name`, `res_contact`, `reserved`, `paid`, `sid`) VALUES
(31, 4, 'Anamika Sundar', '3476432870', 1, 1, 1),
(32, 4, 'Anamika Sundar', '3476432870', 1, 1, 2),
(33, 4, 'Anamika Sundar', '3476432870', 1, 1, 3),
(34, 5, 'Shishir Udupa', '2398274247', 1, 1, 1),
(35, 5, 'Shishir Udupa', '2398274247', 1, 1, 2),
(36, 5, 'Shishir Udupa', '2398274247', 1, 1, 3),
(37, 5, 'Shishir Udupa', '2398274247', 1, 1, 4),
(38, 5, 'Shishir Udupa', '2398274247', 1, 1, 5),
(39, 2, 'Jeffrey Richards', '8554987443', 1, 1, 1),
(40, 2, 'Jeffrey Richards', '8554987443', 1, 1, 2),
(41, 2, 'Jeffrey Richards', '8554987443', 1, 1, 3),
(42, 2, 'Jeffrey Richards', '8554987443', 1, 1, 4),
(43, 2, 'Jeffrey Richards', '8554987443', 1, 1, 5),
(44, 2, 'Jeffrey Richards', '8554987443', 1, 1, 6),
(50, 3, 'Ajay Shekhar', '4579845969', 1, 1, 1),
(51, 3, 'Ajay Shekhar', '4579845969', 1, 1, 2),
(52, 3, 'Ajay Shekhar', '4579845969', 1, 1, 3),
(53, 3, 'Ajay Shekhar', '4579845969', 1, 1, 4),
(54, 3, 'Ajay Shekhar', '4579845969', 1, 1, 5),
(55, 3, 'Ajay Shekhar', '4579845969', 1, 1, 6),
(56, 4, 'Mohammed Iqbal', '5987438737', 1, 1, 4),
(57, 4, 'Mohammed Iqbal', '5987438737', 1, 1, 5),
(58, 4, 'Mohammed Iqbal', '5987438737', 1, 1, 6),
(59, 4, 'Mohammed Iqbal', '5987438737', 1, 1, 7),
(60, 4, 'Mohammed Iqbal', '5987438737', 1, 1, 8),
(61, 1, 'Haneefa', '4373579337', 1, 1, 1),
(62, 1, 'Haneefa', '4373579337', 1, 1, 2),
(63, 1, 'Haneefa', '4373579337', 1, 1, 3),
(64, 1, 'Haneefa', '4373579337', 1, 1, 4),
(65, 1, 'Haneefa', '4373579337', 1, 1, 5),
(66, 1, 'Haneefa', '4373579337', 1, 1, 6),
(67, 1, 'Anamika Sundar', '9835798374', 1, 1, 7),
(68, 5, 'Ajay Shekhar', '3497897343', 1, 1, 6),
(69, 5, 'Ajay Shekhar', '3497897343', 1, 1, 7),
(70, 5, 'Ajay Shekhar', '3497897343', 1, 1, 8),
(71, 5, 'Ajay Shekhar', '3497897343', 1, 1, 9),
(72, 5, 'Ajay Shekhar', '3497897343', 1, 1, 10);

-- --------------------------------------------------------

--
-- Table structure for table `screening`
--

CREATE TABLE `screening` (
  `id` int(11) NOT NULL,
  `movie_id` int(11) DEFAULT NULL,
  `audi_id` int(11) DEFAULT NULL,
  `screen_start` timestamp NOT NULL DEFAULT current_timestamp() ON UPDATE current_timestamp(),
  `cost` int(11) NOT NULL,
  `earnings` int(11) DEFAULT 0
) ENGINE=InnoDB DEFAULT CHARSET=utf8mb4;

--
-- Dumping data for table `screening`
--

INSERT INTO `screening` (`id`, `movie_id`, `audi_id`, `screen_start`, `cost`, `earnings`) VALUES
(1, 1, 4, '2022-11-27 10:32:18', 200, 1600),
(2, 7, 3, '2022-11-27 10:17:48', 300, 1800),
(3, 8, 1, '2022-11-29 04:27:41', 450, 3150),
(4, 1, 2, '2022-11-27 10:15:03', 200, 1200),
(5, 5, 5, '2022-11-29 05:26:58', 400, 4000);

-- --------------------------------------------------------

--
-- Table structure for table `seats`
--

CREATE TABLE `seats` (
  `audid` int(11) NOT NULL,
  `sid` int(11) NOT NULL
) ENGINE=InnoDB DEFAULT CHARSET=utf8mb4;

--
-- Dumping data for table `seats`
--

INSERT INTO `seats` (`audid`, `sid`) VALUES
(1, 1),
(1, 2),
(1, 3),
(1, 4),
(1, 5),
(1, 6),
(1, 7),
(1, 8),
(1, 9),
(1, 10),
(1, 11),
(1, 12),
(1, 13),
(1, 14),
(1, 15),
(1, 16),
(1, 17),
(1, 18),
(1, 19),
(1, 20),
(1, 21),
(1, 22),
(1, 23),
(1, 24),
(1, 25),
(1, 26),
(1, 27),
(1, 28),
(1, 29),
(1, 30),
(1, 31),
(1, 32),
(1, 33),
(1, 34),
(1, 35),
(1, 36),
(1, 37),
(1, 38),
(1, 39),
(1, 40),
(1, 41),
(1, 42),
(1, 43),
(1, 44),
(1, 45),
(1, 46),
(1, 47),
(1, 48),
(1, 49),
(1, 50),
(1, 51),
(1, 52),
(1, 53),
(1, 54),
(1, 55),
(1, 56),
(1, 57),
(1, 58),
(1, 59),
(1, 60),
(1, 61),
(1, 62),
(1, 63),
(1, 64),
(1, 65),
(1, 66),
(1, 67),
(1, 68),
(1, 69),
(1, 70),
(1, 71),
(1, 72),
(1, 73),
(1, 74),
(1, 75),
(1, 76),
(1, 77),
(1, 78),
(1, 79),
(1, 80),
(1, 81),
(1, 82),
(1, 83),
(1, 84),
(1, 85),
(1, 86),
(1, 87),
(1, 88),
(1, 89),
(1, 90),
(1, 91),
(1, 92),
(1, 93),
(1, 94),
(1, 95),
(1, 96),
(1, 97),
(1, 98),
(1, 99),
(1, 100),
(1, 101),
(1, 102),
(1, 103),
(1, 104),
(1, 105),
(1, 106),
(1, 107),
(1, 108),
(1, 109),
(1, 110),
(1, 111),
(1, 112),
(1, 113),
(1, 114),
(1, 115),
(1, 116),
(1, 117),
(1, 118),
(1, 119),
(1, 120),
(1, 121),
(1, 122),
(1, 123),
(1, 124),
(1, 125),
(1, 126),
(1, 127),
(1, 128),
(1, 129),
(1, 130),
(1, 131),
(1, 132),
(1, 133),
(1, 134),
(1, 135),
(1, 136),
(1, 137),
(1, 138),
(1, 139),
(1, 140),
(1, 141),
(1, 142),
(1, 143),
(1, 144),
(1, 145),
(1, 146),
(1, 147),
(1, 148),
(1, 149),
(1, 150),
(1, 151),
(1, 152),
(1, 153),
(1, 154),
(1, 155),
(1, 156),
(1, 157),
(1, 158),
(1, 159),
(1, 160),
(1, 161),
(1, 162),
(1, 163),
(1, 164),
(1, 165),
(1, 166),
(1, 167),
(1, 168),
(1, 169),
(1, 170),
(1, 171),
(1, 172),
(1, 173),
(1, 174),
(1, 175),
(1, 176),
(1, 177),
(1, 178),
(1, 179),
(1, 180),
(1, 181),
(1, 182),
(1, 183),
(1, 184),
(1, 185),
(1, 186),
(1, 187),
(1, 188),
(1, 189),
(1, 190),
(1, 191),
(1, 192),
(1, 193),
(1, 194),
(1, 195),
(1, 196),
(1, 197),
(1, 198),
(1, 199),
(1, 200),
(1, 201),
(1, 202),
(1, 203),
(1, 204),
(1, 205),
(1, 206),
(1, 207),
(1, 208),
(1, 209),
(1, 210),
(1, 211),
(1, 212),
(1, 213),
(1, 214),
(1, 215),
(1, 216),
(1, 217),
(1, 218),
(1, 219),
(1, 220),
(1, 221),
(1, 222),
(1, 223),
(1, 224),
(1, 225),
(1, 226),
(1, 227),
(1, 228),
(1, 229),
(1, 230),
(1, 231),
(1, 232),
(1, 233),
(1, 234),
(1, 235),
(1, 236),
(1, 237),
(1, 238),
(1, 239),
(1, 240),
(1, 241),
(1, 242),
(1, 243),
(1, 244),
(1, 245),
(1, 246),
(1, 247),
(1, 248),
(1, 249),
(1, 250),
(2, 1),
(2, 2),
(2, 3),
(2, 4),
(2, 5),
(2, 6),
(2, 7),
(2, 8),
(2, 9),
(2, 10),
(2, 11),
(2, 12),
(2, 13),
(2, 14),
(2, 15),
(2, 16),
(2, 17),
(2, 18),
(2, 19),
(2, 20),
(2, 21),
(2, 22),
(2, 23),
(2, 24),
(2, 25),
(2, 26),
(2, 27),
(2, 28),
(2, 29),
(2, 30),
(2, 31),
(2, 32),
(2, 33),
(2, 34),
(2, 35),
(2, 36),
(2, 37),
(2, 38),
(2, 39),
(2, 40),
(2, 41),
(2, 42),
(2, 43),
(2, 44),
(2, 45),
(2, 46),
(2, 47),
(2, 48),
(2, 49),
(2, 50),
(2, 51),
(2, 52),
(2, 53),
(2, 54),
(2, 55),
(2, 56),
(2, 57),
(2, 58),
(2, 59),
(2, 60),
(2, 61),
(2, 62),
(2, 63),
(2, 64),
(2, 65),
(2, 66),
(2, 67),
(2, 68),
(2, 69),
(2, 70),
(2, 71),
(2, 72),
(2, 73),
(2, 74),
(2, 75),
(2, 76),
(2, 77),
(2, 78),
(2, 79),
(2, 80),
(2, 81),
(2, 82),
(2, 83),
(2, 84),
(2, 85),
(2, 86),
(2, 87),
(2, 88),
(2, 89),
(2, 90),
(2, 91),
(2, 92),
(2, 93),
(2, 94),
(2, 95),
(2, 96),
(2, 97),
(2, 98),
(2, 99),
(2, 100),
(2, 101),
(2, 102),
(2, 103),
(2, 104),
(2, 105),
(2, 106),
(2, 107),
(2, 108),
(2, 109),
(2, 110),
(2, 111),
(2, 112),
(2, 113),
(2, 114),
(2, 115),
(2, 116),
(2, 117),
(2, 118),
(2, 119),
(2, 120),
(2, 121),
(2, 122),
(2, 123),
(2, 124),
(2, 125),
(2, 126),
(2, 127),
(2, 128),
(2, 129),
(2, 130),
(2, 131),
(2, 132),
(2, 133),
(2, 134),
(2, 135),
(2, 136),
(2, 137),
(2, 138),
(2, 139),
(2, 140),
(2, 141),
(2, 142),
(2, 143),
(2, 144),
(2, 145),
(2, 146),
(2, 147),
(2, 148),
(2, 149),
(2, 150),
(2, 151),
(2, 152),
(2, 153),
(2, 154),
(2, 155),
(2, 156),
(2, 157),
(2, 158),
(2, 159),
(2, 160),
(2, 161),
(2, 162),
(2, 163),
(2, 164),
(2, 165),
(2, 166),
(2, 167),
(2, 168),
(2, 169),
(2, 170),
(2, 171),
(2, 172),
(2, 173),
(2, 174),
(2, 175),
(2, 176),
(2, 177),
(2, 178),
(2, 179),
(2, 180),
(2, 181),
(2, 182),
(2, 183),
(2, 184),
(2, 185),
(2, 186),
(2, 187),
(2, 188),
(2, 189),
(2, 190),
(2, 191),
(2, 192),
(2, 193),
(2, 194),
(2, 195),
(2, 196),
(2, 197),
(2, 198),
(2, 199),
(2, 200),
(2, 201),
(2, 202),
(2, 203),
(2, 204),
(2, 205),
(2, 206),
(2, 207),
(2, 208),
(2, 209),
(2, 210),
(2, 211),
(2, 212),
(2, 213),
(2, 214),
(2, 215),
(2, 216),
(2, 217),
(2, 218),
(2, 219),
(2, 220),
(2, 221),
(2, 222),
(2, 223),
(2, 224),
(2, 225),
(2, 226),
(2, 227),
(2, 228),
(2, 229),
(2, 230),
(2, 231),
(2, 232),
(2, 233),
(2, 234),
(2, 235),
(2, 236),
(2, 237),
(2, 238),
(2, 239),
(2, 240),
(2, 241),
(2, 242),
(2, 243),
(2, 244),
(2, 245),
(2, 246),
(2, 247),
(2, 248),
(2, 249),
(2, 250),
(3, 1),
(3, 2),
(3, 3),
(3, 4),
(3, 5),
(3, 6),
(3, 7),
(3, 8),
(3, 9),
(3, 10),
(3, 11),
(3, 12),
(3, 13),
(3, 14),
(3, 15),
(3, 16),
(3, 17),
(3, 18),
(3, 19),
(3, 20),
(3, 21),
(3, 22),
(3, 23),
(3, 24),
(3, 25),
(3, 26),
(3, 27),
(3, 28),
(3, 29),
(3, 30),
(3, 31),
(3, 32),
(3, 33),
(3, 34),
(3, 35),
(3, 36),
(3, 37),
(3, 38),
(3, 39),
(3, 40),
(3, 41),
(3, 42),
(3, 43),
(3, 44),
(3, 45),
(3, 46),
(3, 47),
(3, 48),
(3, 49),
(3, 50),
(3, 51),
(3, 52),
(3, 53),
(3, 54),
(3, 55),
(3, 56),
(3, 57),
(3, 58),
(3, 59),
(3, 60),
(3, 61),
(3, 62),
(3, 63),
(3, 64),
(3, 65),
(3, 66),
(3, 67),
(3, 68),
(3, 69),
(3, 70),
(3, 71),
(3, 72),
(3, 73),
(3, 74),
(3, 75),
(3, 76),
(3, 77),
(3, 78),
(3, 79),
(3, 80),
(3, 81),
(3, 82),
(3, 83),
(3, 84),
(3, 85),
(3, 86),
(3, 87),
(3, 88),
(3, 89),
(3, 90),
(3, 91),
(3, 92),
(3, 93),
(3, 94),
(3, 95),
(3, 96),
(3, 97),
(3, 98),
(3, 99),
(3, 100),
(3, 101),
(3, 102),
(3, 103),
(3, 104),
(3, 105),
(3, 106),
(3, 107),
(3, 108),
(3, 109),
(3, 110),
(3, 111),
(3, 112),
(3, 113),
(3, 114),
(3, 115),
(3, 116),
(3, 117),
(3, 118),
(3, 119),
(3, 120),
(3, 121),
(3, 122),
(3, 123),
(3, 124),
(3, 125),
(3, 126),
(3, 127),
(3, 128),
(3, 129),
(3, 130),
(3, 131),
(3, 132),
(3, 133),
(3, 134),
(3, 135),
(3, 136),
(3, 137),
(3, 138),
(3, 139),
(3, 140),
(3, 141),
(3, 142),
(3, 143),
(3, 144),
(3, 145),
(3, 146),
(3, 147),
(3, 148),
(3, 149),
(3, 150),
(3, 151),
(3, 152),
(3, 153),
(3, 154),
(3, 155),
(3, 156),
(3, 157),
(3, 158),
(3, 159),
(3, 160),
(3, 161),
(3, 162),
(3, 163),
(3, 164),
(3, 165),
(3, 166),
(3, 167),
(3, 168),
(3, 169),
(3, 170),
(3, 171),
(3, 172),
(3, 173),
(3, 174),
(3, 175),
(3, 176),
(3, 177),
(3, 178),
(3, 179),
(3, 180),
(3, 181),
(3, 182),
(3, 183),
(3, 184),
(3, 185),
(3, 186),
(3, 187),
(3, 188),
(3, 189),
(3, 190),
(3, 191),
(3, 192),
(3, 193),
(3, 194),
(3, 195),
(3, 196),
(3, 197),
(3, 198),
(3, 199),
(3, 200),
(4, 1),
(4, 2),
(4, 3),
(4, 4),
(4, 5),
(4, 6),
(4, 7),
(4, 8),
(4, 9),
(4, 10),
(4, 11),
(4, 12),
(4, 13),
(4, 14),
(4, 15),
(4, 16),
(4, 17),
(4, 18),
(4, 19),
(4, 20),
(4, 21),
(4, 22),
(4, 23),
(4, 24),
(4, 25),
(4, 26),
(4, 27),
(4, 28),
(4, 29),
(4, 30),
(4, 31),
(4, 32),
(4, 33),
(4, 34),
(4, 35),
(4, 36),
(4, 37),
(4, 38),
(4, 39),
(4, 40),
(4, 41),
(4, 42),
(4, 43),
(4, 44),
(4, 45),
(4, 46),
(4, 47),
(4, 48),
(4, 49),
(4, 50),
(4, 51),
(4, 52),
(4, 53),
(4, 54),
(4, 55),
(4, 56),
(4, 57),
(4, 58),
(4, 59),
(4, 60),
(4, 61),
(4, 62),
(4, 63),
(4, 64),
(4, 65),
(4, 66),
(4, 67),
(4, 68),
(4, 69),
(4, 70),
(4, 71),
(4, 72),
(4, 73),
(4, 74),
(4, 75),
(4, 76),
(4, 77),
(4, 78),
(4, 79),
(4, 80),
(4, 81),
(4, 82),
(4, 83),
(4, 84),
(4, 85),
(4, 86),
(4, 87),
(4, 88),
(4, 89),
(4, 90),
(4, 91),
(4, 92),
(4, 93),
(4, 94),
(4, 95),
(4, 96),
(4, 97),
(4, 98),
(4, 99),
(4, 100),
(4, 101),
(4, 102),
(4, 103),
(4, 104),
(4, 105),
(4, 106),
(4, 107),
(4, 108),
(4, 109),
(4, 110),
(4, 111),
(4, 112),
(4, 113),
(4, 114),
(4, 115),
(4, 116),
(4, 117),
(4, 118),
(4, 119),
(4, 120),
(4, 121),
(4, 122),
(4, 123),
(4, 124),
(4, 125),
(4, 126),
(4, 127),
(4, 128),
(4, 129),
(4, 130),
(4, 131),
(4, 132),
(4, 133),
(4, 134),
(4, 135),
(4, 136),
(4, 137),
(4, 138),
(4, 139),
(4, 140),
(4, 141),
(4, 142),
(4, 143),
(4, 144),
(4, 145),
(4, 146),
(4, 147),
(4, 148),
(4, 149),
(4, 150),
(5, 1),
(5, 2),
(5, 3),
(5, 4),
(5, 5),
(5, 6),
(5, 7),
(5, 8),
(5, 9),
(5, 10),
(5, 11),
(5, 12),
(5, 13),
(5, 14),
(5, 15),
(5, 16),
(5, 17),
(5, 18),
(5, 19),
(5, 20),
(5, 21),
(5, 22),
(5, 23),
(5, 24),
(5, 25),
(5, 26),
(5, 27),
(5, 28),
(5, 29),
(5, 30),
(5, 31),
(5, 32),
(5, 33),
(5, 34),
(5, 35),
(5, 36),
(5, 37),
(5, 38),
(5, 39),
(5, 40),
(5, 41),
(5, 42),
(5, 43),
(5, 44),
(5, 45),
(5, 46),
(5, 47),
(5, 48),
(5, 49),
(5, 50),
(5, 51),
(5, 52),
(5, 53),
(5, 54),
(5, 55),
(5, 56),
(5, 57),
(5, 58),
(5, 59),
(5, 60),
(5, 61),
(5, 62),
(5, 63),
(5, 64),
(5, 65),
(5, 66),
(5, 67),
(5, 68),
(5, 69),
(5, 70),
(5, 71),
(5, 72),
(5, 73),
(5, 74),
(5, 75),
(5, 76),
(5, 77),
(5, 78),
(5, 79),
(5, 80),
(5, 81),
(5, 82),
(5, 83),
(5, 84),
(5, 85),
(5, 86),
(5, 87),
(5, 88),
(5, 89),
(5, 90),
(5, 91),
(5, 92),
(5, 93),
(5, 94),
(5, 95),
(5, 96),
(5, 97),
(5, 98),
(5, 99),
(5, 100),
(5, 101),
(5, 102),
(5, 103),
(5, 104),
(5, 105),
(5, 106),
(5, 107),
(5, 108),
(5, 109),
(5, 110),
(5, 111),
(5, 112),
(5, 113),
(5, 114),
(5, 115),
(5, 116),
(5, 117),
(5, 118),
(5, 119),
(5, 120),
(5, 121),
(5, 122),
(5, 123),
(5, 124),
(5, 125),
(5, 126),
(5, 127),
(5, 128),
(5, 129),
(5, 130),
(5, 131),
(5, 132),
(5, 133),
(5, 134),
(5, 135),
(5, 136),
(5, 137),
(5, 138),
(5, 139),
(5, 140),
(5, 141),
(5, 142),
(5, 143),
(5, 144),
(5, 145),
(5, 146),
(5, 147),
(5, 148),
(5, 149),
(5, 150),
(5, 151),
(5, 152),
(5, 153),
(5, 154),
(5, 155),
(5, 156),
(5, 157),
(5, 158),
(5, 159),
(5, 160),
(5, 161),
(5, 162),
(5, 163),
(5, 164),
(5, 165),
(5, 166),
(5, 167),
(5, 168),
(5, 169),
(5, 170),
(5, 171),
(5, 172),
(5, 173),
(5, 174),
(5, 175),
(5, 176),
(5, 177),
(5, 178),
(5, 179),
(5, 180),
(5, 181),
(5, 182),
(5, 183),
(5, 184),
(5, 185),
(5, 186),
(5, 187),
(5, 188),
(5, 189),
(5, 190),
(5, 191),
(5, 192),
(5, 193),
(5, 194),
(5, 195),
(5, 196),
(5, 197),
(5, 198),
(5, 199),
(5, 200);

-- --------------------------------------------------------

--
-- Table structure for table `seat_reserved`
--

CREATE TABLE `seat_reserved` (
  `id` int(11) NOT NULL,
  `seat_id` int(11) DEFAULT NULL,
  `screen_id` int(11) DEFAULT NULL
) ENGINE=InnoDB DEFAULT CHARSET=utf8mb4;

--
-- Dumping data for table `seat_reserved`
--

INSERT INTO `seat_reserved` (`id`, `seat_id`, `screen_id`) VALUES
(43, 1, 1),
(59, 1, 1),
(44, 2, 1),
(60, 2, 1),
(45, 3, 1),
(61, 3, 1),
(46, 4, 1),
(62, 4, 1),
(47, 5, 1),
(63, 5, 1),
(64, 6, 1),
(65, 7, 1),
(37, 1, 2),
(38, 2, 2),
(39, 3, 2),
(40, 4, 2),
(41, 5, 2),
(42, 6, 2),
(48, 1, 3),
(49, 2, 3),
(50, 3, 3),
(51, 4, 3),
(52, 5, 3),
(53, 6, 3),
(29, 1, 4),
(30, 2, 4),
(31, 3, 4),
(54, 4, 4),
(55, 5, 4),
(56, 6, 4),
(57, 7, 4),
(58, 8, 4),
(32, 1, 5),
(33, 2, 5),
(34, 3, 5),
(35, 4, 5),
(36, 5, 5),
(66, 6, 5),
(67, 7, 5),
(68, 8, 5),
(69, 9, 5),
(70, 10, 5);

-- --------------------------------------------------------

--
-- Table structure for table `users`
--

CREATE TABLE `users` (
  `username` varchar(32) NOT NULL,
  `passwords` varchar(100) DEFAULT NULL
) ENGINE=InnoDB DEFAULT CHARSET=utf8mb4;

--
-- Dumping data for table `users`
--

INSERT INTO `users` (`username`, `passwords`) VALUES
('Aditya Sharma', '135790'),
('Ajay', 'sdhdsf'),
('Ajay Shekhar', 'abcdef'),
('Anamika Sundar', 'qwerty'),
('Arjun Bhat', 'gandeeva'),
('Haneefa', 'qazwsx'),
('Jamie Stevenson', 'plokij'),
('Jayanth', '1234567'),
('Jeffrey Richards', 'a1b2c3'),
('Krishna Sundar', 'saranga'),
('Madhuri Udupa', 'z0x9c8'),
('Mohammed Iqbal', 'asdfgh'),
('Rishav Shetty', 'kantara'),
('Shashank Reddy', 'tyuiop'),
('Shishir Udupa', 'dragon');

--
-- Triggers `users`
--
DELIMITER $$
CREATE TRIGGER `ins_pass` BEFORE INSERT ON `users` FOR EACH ROW BEGIN
	IF length(new.passwords) < 6
    THEN
    SIGNAL SQLSTATE '02000' SET MESSAGE_TEXT = 'Password length cannot be less than 6';
  	END IF;
END
$$
DELIMITER ;

--
-- Indexes for dumped tables
--

--
-- Indexes for table `auditorium`
--
ALTER TABLE `auditorium`
  ADD PRIMARY KEY (`aid`);

--
-- Indexes for table `movie`
--
ALTER TABLE `movie`
  ADD PRIMARY KEY (`mid`);

--
-- Indexes for table `reservation`
--
ALTER TABLE `reservation`
  ADD PRIMARY KEY (`id`),
  ADD KEY `user_name` (`user_name`),
  ADD KEY `screen_id` (`screen_id`,`sid`);

--
-- Indexes for table `screening`
--
ALTER TABLE `screening`
  ADD PRIMARY KEY (`id`),
  ADD KEY `audi_id` (`audi_id`),
  ADD KEY `movie_id` (`movie_id`);

--
-- Indexes for table `seats`
--
ALTER TABLE `seats`
  ADD PRIMARY KEY (`audid`,`sid`);

--
-- Indexes for table `seat_reserved`
--
ALTER TABLE `seat_reserved`
  ADD PRIMARY KEY (`id`),
  ADD KEY `screen_id` (`screen_id`,`seat_id`);

--
-- Indexes for table `users`
--
ALTER TABLE `users`
  ADD PRIMARY KEY (`username`);

--
-- AUTO_INCREMENT for dumped tables
--

--
-- AUTO_INCREMENT for table `reservation`
--
ALTER TABLE `reservation`
  MODIFY `id` int(11) NOT NULL AUTO_INCREMENT, AUTO_INCREMENT=73;

--
-- AUTO_INCREMENT for table `screening`
--
ALTER TABLE `screening`
  MODIFY `id` int(11) NOT NULL AUTO_INCREMENT, AUTO_INCREMENT=6;

--
-- AUTO_INCREMENT for table `seat_reserved`
--
ALTER TABLE `seat_reserved`
  MODIFY `id` int(11) NOT NULL AUTO_INCREMENT, AUTO_INCREMENT=71;

--
-- Constraints for dumped tables
--

--
-- Constraints for table `reservation`
--
ALTER TABLE `reservation`
  ADD CONSTRAINT `reservation_ibfk_1` FOREIGN KEY (`user_name`) REFERENCES `users` (`username`),
  ADD CONSTRAINT `reservation_ibfk_2` FOREIGN KEY (`screen_id`,`sid`) REFERENCES `seats` (`audid`, `sid`);

--
-- Constraints for table `screening`
--
ALTER TABLE `screening`
  ADD CONSTRAINT `screening_ibfk_1` FOREIGN KEY (`audi_id`) REFERENCES `auditorium` (`aid`) ON DELETE SET NULL ON UPDATE CASCADE,
  ADD CONSTRAINT `screening_ibfk_2` FOREIGN KEY (`movie_id`) REFERENCES `movie` (`mid`);

--
-- Constraints for table `seat_reserved`
--
ALTER TABLE `seat_reserved`
  ADD CONSTRAINT `seat_reserved_ibfk_1` FOREIGN KEY (`screen_id`,`seat_id`) REFERENCES `seats` (`audid`, `sid`);
COMMIT;

/*!40101 SET CHARACTER_SET_CLIENT=@OLD_CHARACTER_SET_CLIENT */;
/*!40101 SET CHARACTER_SET_RESULTS=@OLD_CHARACTER_SET_RESULTS */;
/*!40101 SET COLLATION_CONNECTION=@OLD_COLLATION_CONNECTION */;
